threads,time
10,0.000000
20,0.000000
50,6.000000
100,22.000000
200,129.000000
500,2068.000000
800,8506.000000
1000,16908.000000
