threads,time
0
0
0
1
3
3
6
8
17
17
141
493
1119
2333
3953
6765
10130
14775
19447
87384
196231
403645
779540
10,0.000000
20,0.000000
30,0.000000
40,1.000000
50,2.000000
60,5.000000
70,11.000000
80,17.000000
90,23.000000
100,35.000000
200,208.000000
300,729.000000
400,1390.000000
500,2324.000000
600,4243.000000
700,7840.000000
800,9896.000000
900,17199.000000
1000,19333.000000
