threads,time
10,0.000000
20,2.000000
50,6.000000
100,14.000000
200,81.000000
500,1185.000000
800,4854.000000
1000,10129.000000
1500,42881.000000
20,2.000000
500,1164.000000
