threads,time
500,1153.000000
500,1147.000000
100,15.000000
