threads,time
10,1.000000
20,2.000000
30,9.000000
40,7.000000
50,8.000000
60,11.000000
70,16.000000
80,18.000000
90,22.000000
100,27.000000
200,116.000000
300,257.000000
400,494.000000
500,1012.000000
600,1974.000000
700,2933.000000
800,4426.000000
900,6562.000000
1000,9257.000000
1500,41388.000000
2000,125751.000000
2500,299737.000000
